{
    "para": {
        "gridlines": [
            [
                0,
                10000,
                20000,
                30000,
                40000
            ],
            [
                0,
                1000,
                2000,
                3000
            ],
            [
                0,
                200,
                400,
                600,
                800
            ]
        ]
    },
    "info": {
        "startDate": [
            1,
            1,
            2022
        ],
        "endDate": [
            2,
            8,
            2022
        ]
    },
    "data": [
        [
            [
                12729.890000000001
            ],
            [
                22483.748571428576
            ],
            [
                12674.890000000001,
                23750.33,
                23155.079999999998,
                22621.04,
                22282.850000000002,
                21337.960000000003,
                31564.090000000004
            ]
        ],
        [
            [
                19639.023681782
            ],
            [
                9994.637967496285
            ],
            [
                19639.023681782,
                10033.023681782,
                10033.023681782,
                10033.023681782,
                10033.023681782,
                10033.023681782,
                158.323681782
            ]
        ],
        [
            [
                0
            ],
            [
                0.0
            ],
            [
                0,
                0,
                0,
                0,
                0,
                0,
                0
            ]
        ],
        [
            [
                85.0
            ],
            [
                634.4957142857137
            ],
            [
                786.6899999999969,
                904.0,
                980.0,
                588.0000000000073,
                1159.1799999999962,
                23.599999999994907,
                0.0
            ]
        ],
        [
            [
                30.0
            ],
            [
                554.5971428571421
            ],
            [
                2311.6299999999974,
                308.7499999999942,
                445.96000000000004,
                249.81000000000262,
                214.29,
                328.13,
                23.61
            ]
        ],
        [
            [
                0.0
            ],
            [
                0.0
            ],
            [
                0.0,
                0.0,
                0.0,
                0.0,
                0.0,
                0.0,
                0.0
            ]
        ],
        [
            [
                0.0
            ],
            [
                0.0
            ],
            [
                0.0,
                0.0,
                0.0,
                0.0,
                0.0,
                0.0,
                0.0
            ]
        ],
        [
            [
                0.0
            ],
            [
                0.0
            ],
            [
                0.0,
                0.0,
                0.0,
                0.0,
                0.0,
                0.0,
                0.0
            ]
        ],
        [
            [
                0.0
            ],
            [
                102.97142857142856
            ],
            [
                136.0,
                126.57,
                146.42000000000002,
                200.10000000000002,
                62.41,
                28.200000000000003,
                21.099999999999998
            ]
        ],
        [
            [
                0.0
            ],
            [
                137.4714285714286
            ],
            [
                760.45,
                0.0,
                63.59,
                0.0,
                0.0,
                138.26,
                0.0
            ]
        ],
        [
            [
                0.0
            ],
            [
                23.074285714285715
            ],
            [
                51.17,
                20.23,
                0.0,
                20.0,
                20.0,
                50.0,
                0.12
            ]
        ],
        [
            [
                0.0
            ],
            [
                57.357142857142854
            ],
            [
                206.29999999999998,
                0.0,
                105.17,
                22.64,
                0.0,
                67.39,
                0.0
            ]
        ],
        [
            [
                30.0
            ],
            [
                54.875714285714295
            ],
            [
                29.3,
                58.8,
                110.78000000000002,
                6.7,
                131.88,
                44.28,
                2.39
            ]
        ]
    ]
}